Job Title,Job Description,skills
Social Worker,"Support students social and emotional well-being in schools, collaborate with educators, and connect families with resources.",School social work principles Student assessment and intervention Special education laws Individualized education plans (IEPs) Crisis management Collaboration with educators Family engagement Advocacy Empathy and communication Documentation Cultural competence Licensing and certification
Purchasing Agent,"An Inventory Manager oversees inventory levels, coordinates stock movements, and optimizes inventory control procedures to ensure efficient stock management and product availability.",Inventory control Demand forecasting Supply chain management Data analysis Warehouse management
Financial Advisor,Wealth Management Advisors provide comprehensive financial planning and investment management services to high-net-worth individuals and families.,Wealth management strategies Asset allocation Estate planning Tax management Client relationship management
Sales Manager,"Manage key client accounts, build strong relationships, and drive revenue growth.",Key account management Relationship building Sales negotiation
Procurement Specialist,"Procurement Managers oversee procurement processes, managing vendor relationships, negotiating contracts, and ensuring cost-effective purchasing of goods and services.",Procurement strategies Supplier management Negotiation Cost analysis Supply chain management
Sales Consultant,"Sales Trainers develop and deliver training programs to sales teams. They teach sales techniques, product knowledge, and communication skills to improve the performance and effectiveness of sales representatives.",Sales training Sales coaching Training program development Sales techniques Product knowledge Presentation skills
UX Researcher,"Conduct user research to understand customer needs, preferences, and behaviors to inform product development.",User research methods Usability testing Data analysis and interpretation
Software Engineer,"A Frontend Developer is responsible for designing and implementing user interfaces for web applications. They collaborate with designers to create visually appealing and responsive web pages, ensuring a seamless user experience across different devices and browsers.","Proficiency in HTML, CSS, and JavaScript Experience with frontend frameworks like React, Angular, or Vue.js Responsive web design Cross-browser compatibility Version control (e.g., Git) Frontend performance optimization"
Procurement Manager,"Develop and execute sourcing strategies to procure goods and services, negotiate contracts, and manage supplier relationships.",Strategic sourcing strategies Supplier evaluation and selection Negotiation skills Vendor management Cost analysis Supply chain management Contract management Problem-solving Attention to detail Communication skills Strategic thinking
Social Media Manager,"Community Managers build and engage online communities around a brand or product. They interact with community members, moderate discussions, and foster a sense of belonging and loyalty among community members.",Community engagement and moderation Online community-building strategies Content curation and creation Crisis management and conflict resolution Analytics and reporting
Market Research Analyst,"A Market Researcher gathers and analyzes market data to provide insights on consumer behavior, market trends, and competitor activities, aiding in informed business decisions.",Market research methodologies Data collection and analysis Industry knowledge
UX/UI Designer,"User Interface Designers focus on the visual and interactive aspects of digital interfaces. They design layouts, buttons, and other elements to ensure a cohesive and visually appealing user interface.","UI design principles and best practices Graphic design tools (e.g., Adobe Photoshop, Illustrator) Typography and color theory Visual design and layout Responsive design"
Front-End Developer,A UI/UX Developer combines design and technical skills to create user-friendly interfaces for digital products. They ensure a seamless and visually appealing user experience.,"User interface (UI) design User experience (UX) design Web design principles Prototyping and wireframing Front-end development languages (e.g., HTML, CSS, JavaScript) Interaction design User testing Responsive design Usability testing Collaboration Attention to detail"
Structural Engineer,"A Bridge Engineer specializes in designing and maintaining bridges, ensuring their structural integrity, safety, and compliance with engineering standards and regulations.",Bridge design Civil engineering Structural analysis AutoCAD proficiency Project management
Substance Abuse Counselor,"A Recovery Coach offers guidance and support to individuals in addiction recovery, aiding in their journey toward sobriety and helping them build a stable and fulfilling life.",Addiction recovery support Motivational interviewing Relapse prevention strategies
Marketing Director,"Marketing Communications Directors manage marketing communication efforts. They oversee messaging, branding, and promotional activities to effectively reach target audiences.",Marketing communication Public relations Content strategy Crisis management Media relations
Network Technician,"Network Security Specialists focus on network security. They implement security measures, monitor for threats, and respond to security incidents to protect network integrity.",Network security Cybersecurity Intrusion detection Security analysis Firewall management
Project Coordinator,"Construction Project Coordinators assist in managing construction projects, handling documentation, budget tracking, and coordinating subcontractors.",Construction project management Building codes and regulations knowledge Budgeting and cost control Construction scheduling Contractor and subcontractor coordination
Interior Designer,"A Hospitality Interior Designer specializes in creating inviting and functional interiors for hotels, restaurants, and other hospitality establishments.","Hospitality interior design Hotel and restaurant design Branding and theme integration FF&E (furniture, fixtures, and equipment) selection Customer experience design"
Paralegal,"Provide legal support to corporate legal teams, assist with mergers and acquisitions, and manage corporate records.",Corporate legal tasks Document drafting Compliance Corporate governance Contract management Due diligence Entity formation Communication with stakeholders Attention to detail Technology proficiency Legal software proficiency Legal research skills
Graphic Designer,"UI/UX Designers focus on creating user-friendly and visually appealing interfaces for digital products. They conduct user research, design wireframes and prototypes, and collaborate with development teams to ensure a seamless and enjoyable user experience.","User interface (UI) design User experience (UX) design Wireframing and prototyping tools (e.g., Sketch, Figma) Usability testing Information architecture Interaction design Mobile and responsive design"
Marketing Director,"Marketing Communications Directors manage marketing communication efforts. They oversee messaging, branding, and promotional activities to effectively reach target audiences.",Marketing communication Public relations Content strategy Crisis management Media relations
Pharmaceutical Sales Representative,"Sales Representatives promote and sell products or services to customers, build relationships, and meet sales targets through effective communication and negotiation.",Sales techniques and strategies Relationship building CRM software usage Product knowledge Negotiation and closing skills
Customer Service Representative,"A Call Center Agent handles incoming and outgoing customer calls, providing assistance, resolving issues, and ensuring a positive customer experience over the phone.",Customer service Call center operations Problem-solving skills
Research Scientist,"Research Analysts conduct research, collect data, and analyze information to support business decision-making. They generate reports and recommendations based on their findings to aid in strategic planning.",Data collection and analysis Market research tools and techniques Survey design and analysis Qualitative and quantitative research methods Report writing and presentation skills
Product Manager,"Technical Product Managers oversee the development and enhancement of technical products. They define product requirements, prioritize features, collaborate with development teams, and ensure the product aligns with the companys strategic goals and market needs.",Product management principles Technical background Agile development methodologies Product roadmap planning Market research and analysis Stakeholder communication Problem-solving skills
Product Designer,"An Industrial Designer creates and improves product designs, focusing on aesthetics, functionality, and user experience to produce innovative and marketable products.",Industrial design principles CAD and 3D modeling Prototyping and testing
Sales Representative,"Inside Sales Representatives are responsible for selling products or services to customers over the phone or through online channels. They engage with leads, answer customer inquiries, and use persuasive communication to close sales and meet revenue targets.","Sales prospecting and lead generation Sales presentation and communication CRM software (e.g., Salesforce) Sales negotiation and closing techniques Product knowledge Relationship building"
Email Marketing Specialist,"Implement and manage marketing automation tools, workflows, and campaigns to streamline marketing efforts.","Marketing automation platforms (e.g., Marketo, Pardot) Lead nurturing Workflow automation CRM integration Analytics and reporting Email marketing Campaign optimization Marketing strategy Communication skills Problem-solving Attention to detail"
Market Analyst,Competitive Intelligence Analysts gather data on competitors and industry trends. They analyze information to help businesses make informed decisions and gain a competitive edge.,Competitive analysis Market research Data analysis Business strategy Industry knowledge
Financial Advisor,"Investment Advisors offer financial advice to clients, helping them make investment decisions, manage portfolios, and achieve their financial goals.",Investment strategies Portfolio management Financial planning Risk assessment Regulatory compliance
Physical Therapist,"Provide physical therapy services to patients with orthopedic conditions, rehabilitate injuries, and improve mobility.",Orthopedic assessment and treatment Rehabilitation exercises Patient education
Social Media Manager,"Community Managers build and engage online communities around a brand or product. They interact with community members, moderate discussions, and foster a sense of belonging and loyalty among community members.",Community engagement and moderation Online community-building strategies Content curation and creation Crisis management and conflict resolution Analytics and reporting
Investment Analyst,"A Portfolio Manager oversees investment portfolios, making decisions to maximize returns and minimize risks. They analyze financial markets and adjust asset allocations accordingly.",Investment management Financial analysis Risk assessment Asset allocation Portfolio optimization
UX/UI Designer,"User Interface Designers focus on the visual and interactive aspects of digital interfaces. They design layouts, buttons, and other elements to ensure a cohesive and visually appealing user interface.","UI design principles and best practices Graphic design tools (e.g., Adobe Photoshop, Illustrator) Typography and color theory Visual design and layout Responsive design"
Customer Success Manager,A Customer Support Specialist assists customers with inquiries or issues related to a companys products or services. They provide solutions and maintain customer satisfaction.,Customer service Problem-solving Communication skills Ticketing system usage Product knowledge
Event Coordinator,"Plan and coordinate events, including selecting venues, managing budgets, arranging logistics, and ensuring a successful outcome.",Event planning and coordination Budget management Vendor negotiation Venue selection and management Timeline and logistics planning Marketing and promotion Risk management Client communication Creativity Problem-solving Attention to detail
Customer Support Specialist,"Customer Success Managers focus on ensuring customer satisfaction and retention. They build relationships with clients, understand their needs, and work to maximize the value customers receive from products or services, ultimately driving customer success and loyalty.",Customer relationship management Onboarding and training Customer feedback analysis Retention strategies Cross-selling and upselling Strong communication and empathy Customer advocacy
Electrical Engineer,"Controls Engineers specialize in industrial automation, designing and implementing control systems for machinery and manufacturing processes. They optimize efficiency and safety.",Control system design PLC programming Automation Instrumentation System integration
Public Relations Specialist,"Crisis Communication Managers develop strategies to manage and respond to crises, maintaining the organizations reputation during challenging times.",Crisis communication planning Crisis response Media relations Reputation management Stakeholder communication
UX/UI Designer,"User Experience Designers create intuitive and user-friendly digital interfaces. They conduct user research, design prototypes, and work to enhance the overall user experience of websites and applications.","User-centered design principles UX/UI design tools (e.g., Sketch, Adobe XD) Wireframing and prototyping Usability testing and user research Information architecture and user flows"
Nurse Manager,"Nurse Educators are responsible for teaching and mentoring nursing students and healthcare professionals. They develop and deliver educational programs, assess learning outcomes, and ensure the competence of nursing staff.",Nursing education Curriculum development Clinical instruction Assessment and evaluation Educational technology Communication skills
Systems Administrator,"Database Administrators manage databases, ensuring data integrity, security, and efficient performance. They design, implement, and maintain databases while troubleshooting issues.","Database management systems (e.g., MySQL, Oracle, SQL Server) Data security Database tuning and optimization Backup and recovery"
SEO Specialist,"Content SEO Strategists create SEO strategies specifically for content, focusing on keyword integration, content quality, and user engagement to boost organic traffic.",Content strategy SEO content optimization Content marketing Keyword mapping Analytics
Administrative Assistant,"Accurately input and maintain data in databases or spreadsheets, ensuring data integrity and organization.","Data entry accuracy and speed Database software (e.g., Microsoft Access, Excel) Attention to detail Time management Organization Multitasking Keyboarding skills Data verification Problem-solving Communication skills Computer proficiency"
Dental Hygienist,A Dental Hygiene Educator teaches dental hygiene practices and oral health to students or the community. They promote preventive care and raise awareness about dental health.,Dental hygiene knowledge Teaching and instructional skills Curriculum development Student assessment Clinical practice experience
Civil Engineer,"A Water Resources Engineer manages and develops water-related projects, such as dams, irrigation systems, and flood control measures, to ensure water resource sustainability.",Water resources engineering Hydrology and hydraulics Environmental impact assessment Water resource modeling software Watershed management
Sales Associate,"A Retail Sales Associate assists customers in retail environments, helping them find products, providing product information, and ensuring a positive shopping experience.",Customer service Sales techniques Product knowledge Cash handling Communication skills
Supply Chain Analyst,"A Logistics Analyst analyzes and optimizes logistics and supply chain operations, identifying cost-saving opportunities, improving transportation efficiency, and enhancing supply chain performance.",Supply chain analysis Data analytics Inventory management Transportation planning Problem-solving
Marketing Coordinator,"Marketing Specialists develop and implement marketing campaigns, analyze market trends, and promote products or services to target audiences.",Market research and analysis Content creation and copywriting Social media management SEO and digital marketing Marketing automation tools proficiency
Data Analyst,"Business Intelligence Analysts gather and analyze data to provide valuable insights to support decision-making within an organization. They create reports, dashboards, and data visualizations to help stakeholders understand trends, patterns, and opportunities in the data.","Data analysis and visualization tools (e.g., Tableau, Power BI) SQL and database querying Business intelligence concepts Data modeling and reporting Strong analytical and problem-solving skills Data-driven decision-making"
Copywriter,"Technical Copywriters create content that explains complex technical concepts in a clear and accessible manner. They often write user manuals, product documentation, and technical guides to assist users and customers.",Technical writing Documentation User manuals Technical specifications Industry-specific terminology Research skills
Financial Advisor,"Investment Advisors offer financial advice to clients, helping them make investment decisions, manage portfolios, and achieve their financial goals.",Investment strategies Portfolio management Financial planning Risk assessment Regulatory compliance
Data Analyst,"Business Intelligence Analysts gather and analyze data to provide valuable insights to support decision-making within an organization. They create reports, dashboards, and data visualizations to help stakeholders understand trends, patterns, and opportunities in the data.","Data analysis and visualization tools (e.g., Tableau, Power BI) SQL and database querying Business intelligence concepts Data modeling and reporting Strong analytical and problem-solving skills Data-driven decision-making"
Digital Marketing Specialist,"SEO Specialists optimize websites for search engines to improve online visibility. They conduct keyword research, optimize content, and implement SEO strategies to increase organic traffic and rankings.","Search engine algorithms and ranking factors Keyword research and analysis On-page and off-page SEO optimization SEO tools (e.g., Google Analytics, SEMrush) SEO content strategy"
Software Tester,"A Quality Assurance Analyst tests software and products to ensure they meet quality standards. They identify defects, report issues, and work with development teams to resolve problems.","Quality assurance processes Testing methodologies (e.g., manual, automated) Bug tracking and reporting Test case development Regression testing"
Landscape Architect,Create aesthetically pleasing and functional landscape designs for residential properties.,Landscape design Plant selection and care Hardscape design
Social Media Manager,"Community Managers build and engage online communities around a brand or product. They interact with community members, moderate discussions, and foster a sense of belonging and loyalty among community members.",Community engagement and moderation Online community-building strategies Content curation and creation Crisis management and conflict resolution Analytics and reporting
Research Scientist,"Senior Researchers lead research initiatives within organizations. They design research projects, collect and analyze data, and provide insights to inform strategic decision-making and innovation efforts.","Research methodologies and data analysis Literature review and synthesis Statistical analysis software (e.g., SPSS, R) Research proposal development Strong communication and reporting skills"
Network Engineer,"Network Security Engineers focus on protecting network systems from cyber threats. They implement security measures, monitor network traffic, and respond to security incidents to safeguard the organizations data.",Network security protocols and technologies Firewalls and intrusion detection systems Vulnerability assessment and penetration testing Security policy development and enforcement Incident response and recovery
Substance Abuse Counselor,"A Family Counselor works with families to address interpersonal issues, improve communication, and resolve conflicts, fostering healthier family dynamics.",Family counseling Marriage and family therapy Conflict resolution skills
Social Media Coordinator,"Create engaging and relevant content, such as articles, videos, or social media posts, to promote brands or products.","Content creation (e.g., writing, editing, graphic design, video production) Content marketing Social media management SEO optimization Creative storytelling Audience engagement Analytics and reporting Adaptability Communication skills Creativity"
Office Manager,"Office Coordinators provide administrative support within an office. They assist with tasks like scheduling, record-keeping, and communication to ensure efficient office operations.",Office administration Calendar management Reception duties Communication skills Record keeping Office supplies management
Database Developer,"NoSQL Database Engineers work with non-relational databases to store and manage large volumes of unstructured or semi-structured data. They design data models, optimize database performance, and ensure scalability and data consistency.","NoSQL databases (e.g., MongoDB, Cassandra) Data modeling Data migration Performance tuning Scalability Distributed systems"
Chemical Engineer,"Monitor and maintain product quality standards, perform inspections, and implement quality control procedures.","Quality control processes Quality assurance standards (e.g., ISO) Statistical analysis Inspection techniques Documenting quality issues Root cause analysis Communication with production teams Problem-solving Attention to detail Technical knowledge"
Customer Success Manager,A Customer Support Specialist assists customers with inquiries or issues related to a companys products or services. They provide solutions and maintain customer satisfaction.,Customer service Problem-solving Communication skills Ticketing system usage Product knowledge
Administrative Assistant,"Accurately input and maintain data in databases or spreadsheets, ensuring data integrity and organization.","Data entry accuracy and speed Database software (e.g., Microsoft Access, Excel) Attention to detail Time management Organization Multitasking Keyboarding skills Data verification Problem-solving Communication skills Computer proficiency"
Software Tester,A Performance Tester assesses the performance and scalability of software applications. They conduct load and stress testing to identify bottlenecks and optimize performance.,"Performance testing methodologies Load testing tools (e.g., JMeter) Test script development Performance profiling and analysis Bottleneck identification"
Speech Therapist,Pediatric Speech Therapists provide speech therapy to children with speech and language disorders. They assess and treat communication difficulties to improve language skills.,Pediatric speech therapy Speech-language assessment Individualized treatment plans Child development Communication skills
UI Developer,A Front-End Developer specializes in creating the user interface and user experience of websites or applications. They code and design elements that users interact with directly.,"Front-end web development HTML, CSS, JavaScript Responsive design Web performance optimization Cross-browser compatibility"
Data Engineer,"A Data Architect designs and manages data infrastructure, ensuring data availability, security, and integrity while aligning data systems with business goals and requirements.",Data architecture design Database management systems Data modeling
Litigation Attorney,"Family Law Attorneys deal with legal matters related to family relationships. They handle cases like divorce, child custody, adoption, and domestic disputes to provide legal guidance.",Family law Divorce proceedings Child custody Mediation Legal counseling Court representation
Software Tester,"A Quality Assurance Analyst tests software and products to ensure they meet quality standards. They identify defects, report issues, and work with development teams to resolve problems.","Quality assurance processes Testing methodologies (e.g., manual, automated) Bug tracking and reporting Test case development Regression testing"
Software Engineer,"DevOps Engineers focus on automating and streamlining the development and deployment processes. They work to improve collaboration between development and IT operations, implementing tools and practices for continuous integration and continuous delivery (CI/CD).","Automation and scripting (e.g., Python, Bash) Continuous Integration/Continuous Deployment (CI/CD) Containerization (e.g., Docker, Kubernetes) Infrastructure as Code (e.g., Terraform, Ansible) Cloud platforms (e.g., AWS, Azure, GCP) Monitoring and troubleshooting skills"
Administrative Assistant,"Accurately input and maintain data in databases or spreadsheets, ensuring data integrity and organization.","Data entry accuracy and speed Database software (e.g., Microsoft Access, Excel) Attention to detail Time management Organization Multitasking Keyboarding skills Data verification Problem-solving Communication skills Computer proficiency"
Technical Writer,"Content Writers create written content for various platforms. They produce articles, blog posts, and web content to inform, educate, or entertain audiences.",Writing skills Content creation SEO knowledge Research skills Grammar and proofreading
SEM Specialist,"SEM Analysts analyze search engine marketing (SEM) campaigns. They monitor performance, optimize keyword strategies, and provide insights to improve the effectiveness of SEM efforts.",Search engine marketing (SEM) Google Ads Bing Ads Keyword analysis Ad performance analysis SEM strategy development Bid management
Aerospace Engineer,Systems Engineers design and manage complex systems and infrastructure. They integrate various components and technologies to ensure optimal system performance and reliability.,Systems engineering System architecture Integration testing Troubleshooting Technical documentation Configuration management
Sales Representative,"Account Executives manage and grow relationships with existing clients or customers. They understand client needs, propose solutions, negotiate contracts, and ensure customer satisfaction, often working closely with sales and customer support teams.",Sales strategy and planning Account management Customer relationship management Solution selling Sales forecasting Contract negotiation Sales metrics and reporting
Marketing Specialist,"Digital Marketing Specialists create and execute online marketing campaigns. They utilize digital channels like social media, email, and SEO to reach target audiences, generate leads, and improve brand visibility and engagement.",Digital marketing strategy Social media marketing Content creation SEO (Search Engine Optimization) PPC advertising Analytics and reporting
Purchasing Agent,"An Inventory Manager oversees inventory levels, coordinates stock movements, and optimizes inventory control procedures to ensure efficient stock management and product availability.",Inventory control Demand forecasting Supply chain management Data analysis Warehouse management
Structural Engineer,"A Construction Engineer manages construction projects, oversees project planning, budgets, and construction activities, and ensures projects are completed on time and within budget.",Construction management Structural design AutoCAD proficiency Project management Site inspection
Investment Advisor,"Wealth Advisors provide financial advice to clients. They assess financial goals, create investment strategies, and offer guidance on wealth management and financial planning.",Financial planning Investment knowledge Relationship management Communication skills Analytical skills
Event Planner,"Wedding Planners specialize in organizing weddings, assisting couples with every aspect of wedding planning, from venue selection to catering and decor.",Wedding planning Venue selection Catering and menu planning Floral and decor design Wedding etiquette
Tax Consultant,"A Business Tax Consultant specializes in tax planning and compliance for businesses. They assist with tax strategy, filings, and help organizations minimize tax liabilities.",Business tax law knowledge Corporate tax planning Tax compliance for businesses Tax credits and incentives Tax strategy development Financial analysis IRS regulations Client relationship management Communication skills Tax software proficiency
Customer Success Manager,A Customer Support Specialist assists customers with inquiries or issues related to a companys products or services. They provide solutions and maintain customer satisfaction.,Customer service Problem-solving Communication skills Ticketing system usage Product knowledge
Web Developer,"Frontend Web Developers design and implement user interfaces for websites, ensuring they are visually appealing and user-friendly. They collaborate with designers and backend developers to create seamless web experiences for users.","HTML, CSS, JavaScript Frontend frameworks (e.g., React, Angular) User experience (UX)"
Front-End Engineer,"JavaScript Developers write code to create interactive and dynamic web applications. They use JavaScript libraries and frameworks to build client-side functionality, ensuring smooth user interactions and responsive web design.","JavaScript programming Frontend development Frontend frameworks (e.g., React, Angular) DOM manipulation AJAX Debugging and troubleshooting"
Chemical Engineer,"Optimize manufacturing processes, improve efficiency, and ensure product quality in industrial settings.",Process optimization Manufacturing processes Lean Six Sigma methodologies Data analysis Statistical process control Quality management Root cause analysis Collaboration Problem-solving Attention to detail Technical knowledge
Investment Analyst,"A Portfolio Manager oversees investment portfolios, making decisions to maximize returns and minimize risks. They analyze financial markets and adjust asset allocations accordingly.",Investment management Financial analysis Risk assessment Asset allocation Portfolio optimization
Marketing Manager,"Brand Managers are responsible for maintaining and enhancing a brands image and reputation. They develop brand strategies, oversee branding campaigns, and ensure brand consistency in all marketing and communication efforts.",Brand strategy development Brand identity and design Brand storytelling Marketing campaigns Brand performance measurement Creative thinking Strong communication skills
Legal Assistant,"Assist lawyers with legal research, document preparation, and case management in law firms or legal departments.","Legal research Document drafting Case management E-filing Legal databases (e.g., LexisNexis) Client communication Deposition preparation Trial support Ethics and confidentiality Attention to detail Communication skills Legal software proficiency"
Brand Ambassador,"Brand Promoters are responsible for promoting a companys brand or products. They engage with the target audience, create marketing strategies, and build brand awareness.",Brand promotion Marketing knowledge Communication skills Sales techniques Product knowledge
Web Designer,"Frontend Web Designers create the visual elements and user interfaces of websites. They use HTML, CSS, and JavaScript to design responsive, user-friendly web pages, ensuring a seamless and visually appealing online experience.",Frontend web development HTML/CSS Responsive design User interface (UI) design Adobe Creative Suite Collaboration skills
Teacher,"A Classroom Teacher educates students in a specific subject or grade level. They create lesson plans, deliver instruction, assess student progress, and foster a positive learning environment.",Teaching pedagogy Classroom management Curriculum development Student assessment Differentiated instruction
Legal Assistant,"Provide administrative support to legal professionals, manage schedules, draft documents, and handle correspondence.","Legal administrative tasks Document management Calendar and docketing Transcription File organization Communication with clients and courts Knowledge of legal terminology Attention to detail Multitasking Computer skills (e.g., MS Office)"
Landscape Designer,"Sustainable Landscape Specialists focus on creating environmentally friendly and sustainable landscapes. They incorporate eco-friendly practices, native plants, and water conservation techniques into landscape design and maintenance.",Sustainable landscape design Native plant selection Water conservation Soil health Green building practices LEED certification
Network Administrator,"Manage and maintain an organizations IT infrastructure, including servers, hardware, and software systems.","System administration Server maintenance Active Directory Backup and recovery Cloud computing (e.g., AWS, Azure) Troubleshooting IT security best practices Collaboration Problem-solving Attention to detail Communication skills Technical knowledge"
Electrical Engineer,"Electronics Hardware Engineers develop and design electronic components and systems, from circuit boards to hardware prototypes, ensuring functionality and performance.",Electronics design PCB layout Embedded systems Circuit analysis Troubleshooting
Project Manager,"IT Project Managers plan, execute, and oversee IT projects. They define project scope, allocate resources, manage budgets, and ensure projects are delivered on time and within scope. They also communicate project status and risks to stakeholders.",Project management Team leadership Risk management Budgeting Communication skills
